{
    "loss": 0.93260657787323,
    "accuracy": 0.8448275923728943
}